,Location,Population,Lower Limit,Upper Limit,Household Total,Median,Mean
0,"LosAngelesCounty,California",10105518.0,20.2,22.7,3305589,61338,89718
1,"CookCounty,Illinois",5180493.0,26.5,29,1963973,60046,86514
2,"HarrisCounty,Texas",4698619.0,25.5,29.7,1606399,56377,84551
3,"MaricopaCounty,Arizona",4410824.0,26,27.8,1521131,58737,81501
4,"SanDiegoCounty,California",3343364.0,18.5,21.7,1110568,70824,96692
5,"OrangeCounty,California",3185968.0,17.3,20.8,1032218,81837,113420
6,"Miami-DadeCounty,Florida",2761581.0,19.4,24.7,880766,45935,71914
7,"DallasCounty,Texas",2637772.0,26.9,32.6,924789,54399,80938
8,"KingsCounty,NewYork",2582830.0,21.2,24.1,941871,55150,83115
9,"RiversideCounty,California",2450758.0,24.5,29.6,715040,60134,79354
10,"QueensCounty,NewYork",2278906.0,21.2,24.7,761819,62207,81379
11,"KingCounty,Washington",2233163.0,21,22.8,861154,86095,116385
12,"ClarkCounty,Nevada",2231647.0,23.8,27,755258,54384,72277
13,"SanBernardinoCounty,California",2171603.0,25.8,31.5,633173,56337,73078
14,"TarrantCounty,Texas",2084931.0,26.4,32.1,696887,61534,84829
15,"BexarCounty,Texas",1986049.0,25.4,31.8,628924,53210,72419
16,"BrowardCounty,Florida",1951260.0,22.2,26.8,681474,54212,79147
17,"SantaClaraCounty,California",1937570.0,17.2,21.3,635687,111069,146813
18,"WayneCounty,Michigan",1753893.0,32.8,36,677208,43464,63254
19,"AlamedaCounty,California",1666753.0,17.3,21.5,572012,89979,117667
20,"NewYorkCounty,NewYork",1628701.0,13.5,16,748293,77559,143741
21,"MiddlesexCounty,Massachusetts",1614714.0,20.4,22.9,593437,95249,122927
22,"PhiladelphiaCounty,Pennsylvania",1584138.0,25.6,29.6,580205,41449,60857
23,"SacramentoCounty,California",1540975.0,26.5,31,535090,59780,81290
24,"PalmBeachCounty,Florida",1485941.0,18.8,23.6,536446,57580,89403
25,"SuffolkCounty,NewYork",1481093.0,21.8,26.2,474311,92933,118609
26,"HillsboroughCounty,Florida",1436888.0,22,26.2,514487,54588,76656
27,"BronxCounty,NewYork",1432132.0,26.3,31.7,498539,37525,53466
28,"OrangeCounty,Florida",1380645.0,22.9,27.6,468515,51335,73013
29,"NassauCounty,NewYork",1358343.0,20.9,25.4,440785,105870,139034
30,"FranklinCounty,Ohio",1310300.0,27.9,31.7,502932,56055,75539
31,"HennepinCounty,Minnesota",1259428.0,21.4,23.3,502061,71200,100769
32,"OaklandCounty,Michigan",1259201.0,22.8,26.3,500750,71920,100091
33,"TravisCounty,Texas",1248743.0,20.2,23.7,457810,70158,100262
34,"CuyahogaCounty,Ohio",1243857.0,27.9,32.7,534355,46601,69704
35,"AlleghenyCounty,Pennsylvania",1218452.0,25.6,29.6,528892,56140,78027
36,"SaltLakeCounty,Utah",1152633.0,23.7,25.7,366239,68665,89138
37,"FairfaxCounty,Virginia",1150795.0,19.3,23.3,395164,115717,147335
38,"ContraCostaCounty,California",1150215.0,21,26.7,391288,91045,122204
39,"MecklenburgCounty,NorthCarolina",1093901.0,25.4,30.2,399504,62978,89684
40,"WakeCounty,NorthCarolina",1092305.0,22.5,27.2,387771,76097,100576
41,"MontgomeryCounty,Maryland",1052567.0,19.6,22.3,373346,99763,135151
42,"FultonCounty,Georgia",1050114.0,22.6,27.3,396184,63510,100521
43,"PimaCounty,Arizona",1039073.0,23.7,26.9,400835,47560,65881
44,"CollinCounty,Texas",1005146.0,23.1,31.7,334794,89638,113597
45,"St.LouisCounty,Missouri",996945.0,25.4,29.5,403271,62572,93352
46,"FresnoCounty,California",994400.0,27.8,35.5,303216,48715,68967
47,"HonoluluCounty,Hawaii",980080.0,22.8,24.5,309169,80513,101034
48,"PinellasCounty,Florida",975280.0,22.1,27.1,407268,50036,71244
49,"WestchesterCounty,NewYork",967612.0,18.3,22.3,342216,89709,141104
50,"MarionCounty,Indiana",954670.0,30.7,34.1,368349,44874,65479
51,"DuvalCounty,Florida",950181.0,29,33.3,353946,51980,69765
52,"MilwaukeeCounty,Wisconsin",948201.0,30,34.2,381318,47607,66092
53,"FairfieldCounty,Connecticut",943823.0,19.8,21.9,335318,90123,143628
54,"BergenCounty,NewJersey",936692.0,19.4,24.3,337227,93683,126812
55,"ShelbyCounty,Tennessee",935764.0,32.7,38.3,354666,47690,70860
56,"GwinnettCounty,Georgia",927781.0,26.9,33.2,290405,67155,86057
57,"ErieCounty,NewYork",919719.0,27.5,32.3,380473,54246,73544
58,"KernCounty,California",896764.0,27.9,36.4,270359,49903,67594
59,"HartfordCounty,Connecticut",892697.0,24.6,27.1,350369,69433,93118
60,"PierceCounty,Washington",891299.0,29.3,32.6,317671,64434,82680
61,"SanFranciscoCounty,California",883305.0,15.9,21.4,358703,103801,144957
62,"MacombCounty,Michigan",874759.0,29.1,33.8,342255,60143,76249
63,"HidalgoCounty,Texas",865939.0,29.3,40.1,234716,36176,53230
64,"DentonCounty,Texas",859064.0,20.4,29.7,281964,80613,106034
65,"NewHavenCounty,Connecticut",857620.0,26.4,29.2,327560,66176,87686
66,"VenturaCounty,California",850967.0,17,23.8,268091,80135,105609
67,"ElPasoCounty,Texas",840758.0,24.4,32.8,267376,42165,57072
68,"WorcesterCounty,Massachusetts",830839.0,24.8,28.4,304833,69295,89825
69,"MiddlesexCounty,NewJersey",829685.0,23.2,28,283661,82375,102689
70,"MontgomeryCounty,Pennsylvania",828604.0,22.1,28.5,312447,84113,113622
71,"BaltimoreCounty,Maryland",828431.0,29,32.3,312921,72764,93346
72,"HamiltonCounty,Ohio",816684.0,26.1,31.1,335907,53229,77511
73,"SnohomishCounty,Washington",814901.0,27,30.3,286116,78716,95507
74,"MultnomahCounty,Oregon",811880.0,21.9,25.2,320476,62629,86044
75,"SuffolkCounty,Massachusetts",807252.0,20,23.4,306790,61796,93319
76,"EssexCounty,NewJersey",799767.0,26.9,30.9,280734,54277,92032
77,"OklahomaCounty,Oklahoma",792582.0,28.8,32.4,300690,51078,72437
78,"EssexCounty,Massachusetts",790638.0,22.6,26.7,289817,73901,100606
79,"FortBendCounty,Texas",787858.0,23,34.8,230121,90680,119536
80,"JeffersonCounty,Kentucky",770517.0,30.1,33.6,314161,51991,73595
81,"SanMateoCounty,California",769545.0,17.6,24.2,263445,108627,156259
82,"CobbCounty,Georgia",756865.0,25.8,32,277949,70947,94624
83,"LeeCounty,Florida",754610.0,23.3,29.3,261735,52909,74125
84,"SanJoaquinCounty,California",752660.0,28.4,36.5,227186,59518,77528
85,"MonroeCounty,NewYork",742474.0,26.5,31.7,299224,54492,74700
86,"DenverCounty,Colorado",716492.0,15.8,18.4,292003,61105,90835
87,"ElPasoCounty,Colorado",713856.0,20.7,23.7,257508,63882,80992
88,"PolkCounty,Florida",708009.0,34.6,40.9,226429,46355,61587
89,"NorfolkCounty,Massachusetts",705388.0,20.6,24.5,260609,92696,130123
90,"LakeCounty,Illinois",700832.0,21.9,28.4,244390,83152,119261
91,"JacksonCounty,Missouri",700307.0,29.7,33.9,281910,50815,70180
92,"DavidsonCounty,Tennessee",692587.0,26.7,32.9,281967,54855,78234
93,"WillCounty,Illinois",692310.0,28.1,35.2,228068,81438,98688
94,"BernalilloCounty,NewMexico",678701.0,21.4,25.6,262328,50601,69392
95,"HudsonCounty,NewJersey",676061.0,21.8,26.8,253321,63808,96308
96,"JeffersonCounty,Alabama",659300.0,32,36.6,261904,50180,74945
97,"KentCounty,Michigan",653786.0,27.1,31.6,238472,59668,79579
98,"ArapahoeCounty,Colorado",651215.0,20.3,23.4,235942,70950,96722
99,"TulsaCounty,Oklahoma",648360.0,29.1,33.2,254473,51325,73613
100,"ProvidenceCounty,RhodeIsland",636084.0,27.9,30.2,235728,52369,72289
101,"BucksCounty,Pennsylvania",628195.0,22.5,30.1,234126,79936,106713
102,"UtahCounty,Utah",622213.0,24.4,27.1,157803,69799,84827
103,"MonmouthCounty,NewJersey",621354.0,21.8,27.3,230769,90226,120305
104,"OceanCounty,NewJersey",601651.0,25,30.7,224308,62222,82537
105,"WashingtonCounty,Oregon",597695.0,27.5,32.1,213820,75634,94948
106,"JohnsonCounty,Kansas",597555.0,25.9,28,225606,80553,107288
107,"BrevardCounty,Florida",596849.0,26.8,33.1,226021,51184,70367
108,"MontgomeryCounty,Texas",590925.0,20.7,31.1,193637,71123,104877
109,"JeffersonCounty,Colorado",580233.0,18.5,21.6,230890,74186,96855
110,"AnneArundelCounty,Maryland",576031.0,27,30.9,206956,96483,117437
111,"DouglasCounty,Nebraska",566880.0,28.5,31.3,214073,58990,81035
112,"WilliamsonCounty,Texas",566719.0,26.5,33.4,173125,81818,98793
113,"DelawareCounty,Pennsylvania",564751.0,22.3,30.6,205188,67950,95868
114,"BristolCounty,Massachusetts",564022.0,26.3,31,214232,66027,84886
115,"NewCastleCounty,Delaware",559335.0,26.8,30,203782,67274,87144
116,"UnionCounty,NewJersey",558067.0,22.1,27.3,187922,72028,109955
117,"RamseyCounty,Minnesota",550210.0,24.7,27.5,208743,60369,81980
118,"StanislausCounty,California",549815.0,25.9,35.3,172881,54305,73567
119,"VolusiaCounty,Florida",547538.0,27.1,33.4,214039,45366,60941
120,"LancasterCounty,Pennsylvania",543557.0,27.4,36.9,196807,61335,79344
121,"DaneCounty,Wisconsin",542364.0,19.6,25.3,217506,70796,91445
122,"SummitCounty,Ohio",541918.0,26.5,33,222202,52036,70827
123,"PascoCounty,Florida",539630.0,28.8,35.3,195628,46264,64970
124,"KaneCounty,Illinois",534216.0,24.7,32.4,175360,73347,96716
125,"GuilfordCounty,NorthCarolina",533670.0,29.7,37.2,201520,47262,69367
126,"MontgomeryCounty,Ohio",532331.0,30,36.5,223131,46936,65800
127,"ChesterCounty,Pennsylvania",522046.0,17.9,26,187188,92407,125605
128,"PlymouthCounty,Massachusetts",518132.0,25.4,30.1,184577,82087,103580
129,"SpokaneCounty,Washington",514631.0,26,29.7,195807,53043,71032
130,"GreenvilleCounty,SouthCarolina",514213.0,26.1,30.6,187957,55342,75932
131,"SedgwickCounty,Kansas",513607.0,32.4,34.7,195815,52193,68980
132,"AdamsCounty,Colorado",511868.0,25.7,29.8,163122,66033,80680
133,"CamdenCounty,NewJersey",507078.0,28.6,34.2,185512,66362,88390
134,"PassaicCounty,NewJersey",503310.0,24.4,30.1,163868,62016,86051
135,"SonomaCounty,California",499942.0,18.8,25.9,187504,73929,97005
136,"MorrisCounty,NewJersey",494228.0,18,23,181059,106985,143205
137,"PolkCounty,Iowa",487204.0,29.6,33.7,182537,64067,82405
138,"LakeCounty,Indiana",484411.0,32.8,38.2,185575,53681,69932
139,"ClarkCounty,Washington",481857.0,27.9,32.4,169997,69062,89125
140,"RichmondCounty,NewYork",476179.0,24.1,30.1,164289,77197,95481
141,"HampdenCounty,Massachusetts",470406.0,28.6,34,178623,51544,69278
142,"AdaCounty,Idaho",469966.0,23.3,27.3,167026,61301,81878
143,"PrinceWilliamCounty,Virginia",468011.0,26.9,33.1,139792,97986,113703
144,"SeminoleCounty,Florida",467832.0,23.3,29.4,167549,61311,81857
145,"TulareCounty,California",465861.0,30.7,44,135648,45881,61897
146,"WashoeCounty,Nevada",465735.0,21.3,25,174726,58175,81564
147,"KnoxCounty,Tennessee",465289.0,27.4,34.1,183889,52102,72285
148,"OnondagaCounty,NewYork",461809.0,26.6,32,182984,56991,76174
149,"YorkCounty,Pennsylvania",448273.0,27.1,35.4,169885,62462,75945
150,"PinalCounty,Arizona",447138.0,30.7,35.8,132352,52555,65692
151,"SolanoCounty,California",446610.0,25.2,34.7,149172,73900,93929
152,"SantaBarbaraCounty,California",446527.0,20.4,29.5,142449,67436,93389
153,"BurlingtonCounty,NewJersey",445384.0,25.9,31.5,165862,80254,105413
154,"EastBatonRougeParish,Louisiana",440956.0,29.1,34.9,163764,50508,76485
155,"MontereyCounty,California",435594.0,23,32.9,125740,63876,88289
156,"JeffersonParish,Louisiana",434051.0,29.8,36.8,170710,49678,70728
157,"LucasCounty,Ohio",429899.0,32,37.7,180217,44534,63940
158,"SarasotaCounty,Florida",426718.0,18.6,24.7,176191,54989,79815
159,"DakotaCounty,Minnesota",425423.0,26.1,29.9,159765,78662,98463
160,"CameronCounty,Texas",423908.0,25.5,36.7,120499,37061,51206
161,"BerksCounty,Pennsylvania",420152.0,30.7,42.2,150402,59286,76779
162,"ClackamasCounty,Oregon",416075.0,25.8,31,154070,74891,99007
163,"HillsboroughCounty,NewHampshire",415247.0,26,29.3,158777,76254,93120
164,"RichlandCounty,SouthCarolina",414576.0,30.3,34.9,153376,52030,71025
165,"MobileCounty,Alabama",413757.0,34.1,39.1,157141,45744,61800
166,"GeneseeCounty,Michigan",406892.0,31.7,37.5,167171,43955,60115
167,"LoudounCounty,Virginia",406850.0,18.9,25.1,124916,134464,152447
168,"CharlestonCounty,SouthCarolina",405905.0,24.4,28.6,156836,56827,85601
169,"WaukeshaCounty,Wisconsin",403072.0,22.4,29.4,156503,81878,107347
170,"St.CharlesCounty,Missouri",399182.0,26.2,32.5,143152,80644,96421
171,"ManateeCounty,Florida",394855.0,23.4,30.1,142465,51748,74782
172,"PlacerCounty,California",393149.0,16.8,24.2,139104,85426,110245
173,"PulaskiCounty,Arkansas",392680.0,30.6,35.6,161291,47387,72387
174,"OrleansParish,Louisiana",391006.0,26.1,32.9,154355,38681,67259
175,"ButlerCounty,Ohio",382378.0,28,36.1,137314,63273,80568
176,"OrangeCounty,NewYork",381951.0,27.1,33.4,124365,73025,91061
177,"LaneCounty,Oregon",379611.0,24.4,29.7,147712,47777,63747
178,"ForsythCounty,NorthCarolina",379099.0,29,36.7,146219,48271,73006
179,"CollierCounty,Florida",378488.0,19,24.7,139522,61228,102009
180,"AllenCounty,Indiana",375351.0,29.6,34.9,142762,51173,67135
181,"StarkCounty,Ohio",371574.0,31,38.6,152129,50994,66163
182,"WashtenawCounty,Michigan",370963.0,22,27,140079,65601,94215
183,"BrazoriaCounty,Texas",370200.0,21.4,34.3,117168,74799,90604
184,"MercerCounty,NewJersey",369811.0,22.9,28.1,128332,77650,111623
185,"LehighCounty,Pennsylvania",368100.0,26.5,35.3,139199,60498,82854
186,"OsceolaCounty,Florida",367990.0,26.4,33.7,97569,51436,61195
187,"MadisonCounty,Alabama",366519.0,29.4,36.5,143669,60503,85057
188,"HamiltonCounty,Tennessee",364286.0,26.3,32.6,139615,47898,71471
189,"NuecesCounty,Texas",362265.0,28.9,36.5,129254,54318,70642
190,"MarionCounty,Florida",359977.0,27.7,34.1,134239,39383,54181
191,"LakeCounty,Florida",356495.0,27.9,34.7,128888,50226,62886
192,"BellCounty,Texas",355642.0,29.9,40.4,119985,52275,68060
193,"AnokaCounty,Minnesota",353813.0,27.7,31.6,126477,76533,90703
194,"DavisCounty,Utah",351713.0,24.8,28,103665,76905,93257
195,"WestmorelandCounty,Pennsylvania",350611.0,26.7,34.7,148238,56722,72166
196,"LarimerCounty,Colorado",350518.0,18.1,22.1,131407,66469,83934
197,"ChesterfieldCounty,Virginia",348556.0,28.5,35,122221,76059,92479
198,"MarionCounty,Oregon",346868.0,30.9,37.1,116787,56550,69379
199,"HorryCounty,SouthCarolina",344147.0,28.7,33.1,125562,45621,61572
200,"DouglasCounty,Colorado",342776.0,17.1,21.3,120125,109292,134850
201,"GalvestonCounty,Texas",337890.0,30.9,36.7,120938,64939,90498
202,"CumberlandCounty,NorthCarolina",332330.0,30.3,37.7,124014,45205,57267
203,"SomersetCounty,NewJersey",331164.0,19.1,24.2,116169,104478,142077
204,"HamiltonCounty,Indiana",330086.0,23,28.1,118521,89823,116274
205,"HenricoCounty,Virginia",329261.0,28.5,34.7,127930,66337,93035
206,"BoulderCounty,Colorado",326078.0,13.4,17,123820,74615,105099
207,"RocklandCounty,NewYork",325695.0,19.9,26,99257,85515,116116
208,"RutherfordCounty,Tennessee",324890.0,31.4,40.6,111387,61157,75267
209,"FayetteCounty,Kentucky",323780.0,23.9,29.6,127137,53178,77827
210,"HowardCounty,Maryland",323196.0,22.4,27.3,112542,120941,144125
211,"St.LucieCounty,Florida",321128.0,26.5,33.7,111617,44804,58817
212,"LuzerneCounty,Pennsylvania",317646.0,25,34.1,124118,46580,64446
213,"LancasterCounty,Nebraska",317272.0,27.3,30.2,122027,58845,76116
214,"DurhamCounty,NorthCarolina",316739.0,21.1,28.5,123697,53832,77836
215,"EscambiaCounty,Florida",315534.0,26.3,32.3,118702,44788,60692
216,"WeldCounty,Colorado",314305.0,26.6,31.3,102087,63400,81031
217,"SpartanburgCounty,SouthCarolina",313888.0,29.5,35.4,113463,47371,63453
218,"LorainCounty,Ohio",309461.0,31.6,41.4,117871,54504,74417
219,"RockinghamCounty,NewHampshire",309176.0,23.6,27.6,119688,81726,105809
220,"LubbockCounty,Texas",307412.0,29.5,40.4,111975,49136,68557
221,"AlbanyCounty,NewYork",307117.0,24.2,29.7,125329,61754,83464
222,"NorthamptonCounty,Pennsylvania",304807.0,26.7,36.4,111760,66438,83297
223,"LexingtonCounty,SouthCarolina",295032.0,28.7,34.8,110146,57382,75343
224,"DutchessCounty,NewYork",293718.0,23.1,29.5,108200,74115,99958
225,"CumberlandCounty,Maine",293557.0,21.2,24.4,118049,65913,86255
226,"InghamCounty,Michigan",292735.0,28.7,34.7,111779,49139,65974
227,"LeonCounty,Florida",292502.0,28.2,33.3,112119,51107,70567
228,"GreeneCounty,Missouri",291923.0,28.8,37.7,121734,42062,59033
229,"AnchorageMunicipality,Alaska",291538.0,29.3,34.2,105249,85634,106393
230,"GloucesterCounty,NewJersey",291408.0,27.6,33.2,105436,79879,95344
231,"OttawaCounty,Michigan",290494.0,23.7,30.6,100425,64513,79662
232,"ClaytonCounty,Georgia",289615.0,31.9,41.2,94346,45252,55380
233,"ChathamCounty,Georgia",289195.0,27.6,37,110185,53964,76948
234,"ThurstonCounty,Washington",286419.0,27.2,32.4,105863,65783,79165
235,"WinnebagoCounty,Illinois",284081.0,28.2,38.3,114996,49749,65234
236,"SanLuisObispoCounty,California",284010.0,20.4,30.2,106312,70564,88338
237,"ClevelandCounty,Oklahoma",281669.0,31.5,38,105102,61288,75465
238,"DauphinCounty,Pennsylvania",277097.0,28.7,38.1,111260,60331,77859
239,"WebbCounty,Texas",275910.0,27.5,49.2,73483,35659,53833
240,"MercedCounty,California",274765.0,22.3,34.4,77713,47739,70672
241,"SantaCruzCounty,California",274255.0,14.5,23.2,96257,77613,106035
242,"YorkCounty,SouthCarolina",274118.0,29.4,34.8,98128,60767,79926
243,"BentonCounty,Arkansas",272608.0,25.8,32.7,94494,63631,83871
244,"ErieCounty,Pennsylvania",272061.0,30.5,38.4,109705,48964,63819
245,"St.JosephCounty,Indiana",270771.0,29.5,36.2,97071,48358,64649
246,"AlachuaCounty,Florida",269956.0,24.4,29.8,94428,45304,63144
247,"KitsapCounty,Washington",269805.0,27.8,33.8,101995,69171,85625
248,"NewLondonCounty,Connecticut",266784.0,27.4,31.9,105113,70699,94956
249,"AtlanticCounty,NewJersey",265429.0,26.1,32.1,96777,56778,77520
250,"KalamazooCounty,Michigan",264870.0,27.9,35,102336,53138,73094
251,"MadisonCounty,Illinois",264461.0,31.2,42.7,105465,56035,73318
252,"BrownCounty,Wisconsin",263378.0,28.5,37,104804,57783,75008
253,"St.ClairCounty,Illinois",261059.0,31.2,42.7,104782,50267,73193
254,"MarinCounty,California",259666.0,11.9,20.1,106333,103845,160053
255,"WashingtonCounty,Minnesota",259201.0,22.2,26.7,92384,90256,109140
256,"BuncombeCounty,NorthCarolina",259103.0,17.8,25.3,103127,50685,68923
257,"St.TammanyParish,Louisiana",258111.0,26.3,34.1,92205,64639,84610
258,"WeberCounty,Utah",256359.0,29.1,33.1,79501,63158,76150
259,"FrederickCounty,Maryland",255648.0,26.7,30.9,89800,90043,108353
260,"JeffersonCounty,Texas",255001.0,30.1,40.1,95801,45390,64895
261,"St.JohnsCounty,Florida",254261.0,19.6,25.8,84187,78581,107338
262,"CherokeeCounty,Georgia",254149.0,21.5,31.7,84088,77950,97849
263,"HarfordCounty,Maryland",253956.0,29,35,91813,84175,99781
264,"YakimaCounty,Washington",251446.0,31.5,38.5,81084,48965,65675
265,"CumberlandCounty,Pennsylvania",251423.0,23.9,33.9,96906,63530,82236
266,"ClayCounty,Missouri",246365.0,29.5,36.7,89398,65430,80536
267,"CaddoParish,Louisiana",242922.0,36.3,44.2,96532,37104,60857
268,"LafayetteParish,Louisiana",242782.0,26.7,35.2,89130,49969,73667
269,"ArlingtonCounty,Virginia",237521.0,17,23.3,103479,110388,143507
270,"HindsCounty,Mississippi",237085.0,33.5,40.7,91065,43657,62946
271,"WashingtonCounty,Arkansas",236961.0,26.6,33.3,88690,45679,64869
272,"ForsythCounty,Georgia",236612.0,21.2,32.5,72208,100909,117651
273,"UnionCounty,NorthCarolina",235908.0,25.8,38,74763,71588,98685
274,"NewHanoverCounty,NorthCarolina",232274.0,22,30.8,92808,50028,70803
275,"WarrenCounty,Ohio",232173.0,22.9,32.4,82404,80207,105864
276,"YavapaiCounty,Arizona",231993.0,19.9,26.1,94962,50420,65804
277,"WilliamsonCounty,Tennessee",231729.0,16.3,26,73811,106054,137681
278,"ButteCounty,California",231256.0,22.2,32.7,85531,45177,65703
279,"LakeCounty,Ohio",230514.0,19.9,30,96325,61870,77742
280,"SmithCounty,Texas",230221.0,28.4,41.3,75792,52572,68343
281,"HenryCounty,Georgia",230220.0,29,41.7,74473,66905,82479
282,"SaratogaCounty,NewYork",230163.0,22.7,28.5,93703,76097,99966
283,"MahoningCounty,Ohio",229642.0,27.4,36,96998,42295,58567
284,"OneidaCounty,NewYork",229577.0,29.9,37.2,87929,52996,68695
285,"SussexCounty,Delaware",229286.0,30.7,34.7,82851,57734,78917
286,"BrazosCounty,Texas",226758.0,26.2,32.3,78272,41559,71130
287,"LinnCounty,Iowa",225909.0,31.4,37.7,89173,64639,82094
288,"MontgomeryCounty,Alabama",225763.0,34,41.2,90827,45395,65678
289,"WhatcomCounty,Washington",225685.0,25.1,30.9,84011,56411,71154
290,"BaldwinCounty,Alabama",,,,76779,56732,74892
291,"CalhounCounty,Alabama",,,,43972,41687,58992
292,"CullmanCounty,Alabama",,,,30299,39411,54412
293,"DeKalbCounty,Alabama",,,,25383,35963,48529
294,"ElmoreCounty,Alabama",,,,29350,52579,71553
295,"EtowahCounty,Alabama",,,,38766,41152,55243
296,"HoustonCounty,Alabama",,,,39167,42321,59912
297,"LauderdaleCounty,Alabama",,,,37875,43427,58691
298,"LeeCounty,Alabama",,,,59354,48056,64562
299,"LimestoneCounty,Alabama",,,,31880,50872,69299
300,"MarshallCounty,Alabama",,,,34726,42362,59315
301,"MorganCounty,Alabama",,,,44816,44378,59794
302,"St.ClairCounty,Alabama",,,,31615,60158,65740
303,"ShelbyCounty,Alabama",,,,76059,73647,91136
304,"TalladegaCounty,Alabama",,,,31517,39393,51776
305,"TuscaloosaCounty,Alabama",,,,73825,47787,65773
306,"WalkerCounty,Alabama",,,,23863,39068,50794
307,"FairbanksNorthStarBorough,Alaska",,,,33770,77328,87359
308,"Matanuska-SusitnaBorough,Alaska",,,,30305,69332,87787
309,"ApacheCounty,Arizona",,,,20018,34685,44505
310,"CochiseCounty,Arizona",,,,50147,45508,55174
311,"CoconinoCounty,Arizona",,,,47408,55091,67297
312,"MohaveCounty,Arizona",,,,84876,42423,57530
313,"NavajoCounty,Arizona",,,,33587,36998,51447
314,"YumaCounty,Arizona",,,,73072,43518,56872
315,"CraigheadCounty,Arkansas",,,,39813,43678,64488
316,"FaulknerCounty,Arkansas",,,,43964,48506,65068
317,"GarlandCounty,Arkansas",,,,39309,42826,56172
318,"JeffersonCounty,Arkansas",,,,26750,37712,51502
319,"LonokeCounty,Arkansas",,,,26327,55837,64569
320,"SalineCounty,Arkansas",,,,43371,64932,75347
321,"SebastianCounty,Arkansas",,,,51055,42053,56346
322,"WhiteCounty,Arkansas",,,,28221,42844,54969
323,"ElDoradoCounty,California",,,,69653,75772,100639
324,"HumboldtCounty,California",,,,54230,43130,64617
325,"ImperialCounty,California",,,,44855,49095,63208
326,"KingsCounty,California",,,,43090,53234,67901
327,"LakeCounty,California",,,,24593,42029,60536
328,"MaderaCounty,California",,,,44369,51657,67604
329,"MendocinoCounty,California",,,,35439,43809,65838
330,"NapaCounty,California",,,,49561,75077,106368
331,"NevadaCounty,California",,,,38708,59022,85575
332,"LaSalleCounty,Illinois",,,,44753,57476,66763
333,"McHenryCounty,Illinois",,,,110717,81063,94250
334,"McLeanCounty,Illinois",,,,65644,62156,82471
335,"MaconCounty,Illinois",,,,44002,46198,62668
336,"PeoriaCounty,Illinois",,,,73209,51975,71145
337,"RockIslandCounty,Illinois",,,,60206,50948,65040
338,"SangamonCounty,Illinois",,,,82959,53782,73785
339,"TazewellCounty,Illinois",,,,56051,60152,74437
340,"VermilionCounty,Illinois",,,,31928,45481,56819
341,"WilliamsonCounty,Illinois",,,,26761,48409,59894
342,"BartholomewCounty,Indiana",,,,31626,59102,73017
343,"ClarkCounty,Indiana",,,,42498,51401,66198
344,"DelawareCounty,Indiana",,,,46720,41041,56602
345,"ElkhartCounty,Indiana",,,,72487,54216,65321
346,"FloydCounty,Indiana",,,,29199,58586,80423
347,"GrantCounty,Indiana",,,,26528,37117,49367
348,"HancockCounty,Indiana",,,,27968,67799,81328
349,"HendricksCounty,Indiana",,,,58677,78307,88073
350,"HowardCounty,Indiana",,,,34195,45702,62995
351,"JohnsonCounty,Indiana",,,,54542,65991,86468
352,"KosciuskoCounty,Indiana",,,,30494,53963,69224
353,"LaPorteCounty,Indiana",,,,42074,53507,67659
354,"MadisonCounty,Indiana",,,,50964,45495,59751
355,"MonroeCounty,Indiana",,,,54513,43582,66101
356,"MorganCounty,Indiana",,,,25881,60530,72662
357,"PorterCounty,Indiana",,,,62986,66196,82284
358,"TippecanoeCounty,Indiana",,,,68405,51361,69541
359,"VanderburghCounty,Indiana",,,,74968,46064,63945
360,"VigoCounty,Indiana",,,,40328,43910,56349
361,"WayneCounty,Indiana",,,,26538,43401,56553
362,"BlackHawkCounty,Iowa",,,,52479,50470,69997
363,"DallasCounty,Iowa",,,,33180,75899,103298
364,"DubuqueCounty,Iowa",,,,37710,60456,82731
365,"JohnsonCounty,Iowa",,,,57217,58064,76500
366,"PottawattamieCounty,Iowa",,,,36094,55972,75890
367,"ScottCounty,Iowa",,,,66527,54730,74517
368,"StoryCounty,Iowa",,,,37350,53371,70682
369,"WoodburyCounty,Iowa",,,,38637,52324,68021
370,"ButlerCounty,Kansas",,,,24266,60182,71661
371,"DouglasCounty,Kansas",,,,45572,56345,73186
372,"LeavenworthCounty,Kansas",,,,27174,68299,85412
373,"RileyCounty,Kansas",,,,25523,50737,68478
374,"ShawneeCounty,Kansas",,,,70101,55710,71877
375,"WyandotteCounty,Kansas",,,,58524,43129,53676
376,"BooneCounty,Kentucky",,,,46849,72374,92690
377,"BullittCounty,Kentucky",,,,29037,65359,77718
378,"CampbellCounty,Kentucky",,,,36461,62536,78640
379,"ChristianCounty,Kentucky",,,,25121,41140,52430
380,"DaviessCounty,Kentucky",,,,39629,51764,69426
381,"HardinCounty,Kentucky",,,,39684,52148,67497
382,"ShastaCounty,California",,,,72095,46724,64293
383,"SutterCounty,California",,,,32345,51397,69847
384,"YoloCounty,California",,,,73055,64904,91705
385,"YubaCounty,California",,,,26699,49259,66815
386,"BroomfieldCounty,Colorado",,,,26269,84349,111621
387,"MesaCounty,Colorado",,,,60188,48846,60280
388,"PuebloCounty,Colorado",,,,62275,44677,59601
389,"LitchfieldCounty,Connecticut",,,,74105,76993,100472
390,"MiddlesexCounty,Connecticut",,,,66002,79739,109052
391,"TollandCounty,Connecticut",,,,54068,81252,99096
392,"WindhamCounty,Connecticut",,,,44734,61608,75289
393,"KentCounty,Delaware",,,,64452,54140,66154
394,"DistrictofColumbia,DistrictofColumbia",,,,281241,75506,114432
395,"BayCounty,Florida",,,,70330,49157,65029
396,"CharlotteCounty,Florida",,,,75147,44200,65643
397,"CitrusCounty,Florida",,,,63581,39206,51521
398,"ClayCounty,Florida",,,,74130,56315,74442
399,"ColumbiaCounty,Florida",,,,24215,42019,63101
400,"FlaglerCounty,Florida",,,,41311,49395,63011
401,"HernandoCounty,Florida",,,,74262,47253,59673
402,"HighlandsCounty,Florida",,,,38808,36490,48800
403,"IndianRiverCounty,Florida",,,,55427,49072,79585
404,"MartinCounty,Florida",,,,62976,54620,86713
405,"MonroeCounty,Florida",,,,30318,65717,87296
406,"NassauCounty,Florida",,,,30547,71515,90747
407,"OkaloosaCounty,Florida",,,,76102,60026,77492
408,"PutnamCounty,Florida",,,,28025,38239,48699
409,"SantaRosaCounty,Florida",,,,61817,63619,80033
410,"SumterCounty,Florida",,,,51781,54562,68118
411,"WaltonCounty,Florida",,,,27207,56246,76992
412,"BarrowCounty,Georgia",,,,24865,54256,63123
413,"BartowCounty,Georgia",,,,36430,51405,65210
414,"BibbCounty,Georgia",,,,57692,36724,55077
415,"BullochCounty,Georgia",,,,26411,43982,55840
416,"CarrollCounty,Georgia",,,,40516,51228,60771
417,"CatoosaCounty,Georgia",,,,24743,55717,72197
418,"ClarkeCounty,Georgia",,,,47563,34999,54050
419,"ColumbiaCounty,Georgia",,,,47513,72737,90016
420,"CowetaCounty,Georgia",,,,50503,71220,92716
421,"DeKalbCounty,Georgia",,,,281356,56109,82314
422,"DoughertyCounty,Georgia",,,,34264,37222,55510
423,"DouglasCounty,Georgia",,,,48901,62445,78151
424,"FayetteCounty,Georgia",,,,40046,80626,112239
425,"FloydCounty,Georgia",,,,35411,49865,66817
426,"GlynnCounty,Georgia",,,,31757,48926,68614
427,"HallCounty,Georgia",,,,62038,54917,70477
428,"HoustonCounty,Georgia",,,,55901,62493,74099
429,"LibertyCounty,Georgia",,,,22952,45138,55306
430,"LowndesCounty,Georgia",,,,40835,41449,60300
431,"MuscogeeCounty,Georgia",,,,73051,40060,58832
432,"NewtonCounty,Georgia",,,,35825,48628,64719
433,"PauldingCounty,Georgia",,,,53249,60856,73020
434,"RichmondCounty,Georgia",,,,75909,41419,54092
435,"RockdaleCounty,Georgia",,,,30381,56820,70408
436,"TroupCounty,Georgia",,,,24493,42371,56650
437,"WalkerCounty,Georgia",,,,25110,39209,55681
438,"WaltonCounty,Georgia",,,,30715,53202,69697
439,"WhitfieldCounty,Georgia",,,,35858,46399,62003
440,"HawaiiCounty,Hawaii",,,,69818,55750,74492
441,"KauaiCounty,Hawaii",,,,23214,71344,85866
442,"MauiCounty,Hawaii",,,,53612,72257,98524
443,"BannockCounty,Idaho",,,,30106,48429,64287
444,"BonnevilleCounty,Idaho",,,,38464,59706,75108
445,"CanyonCounty,Idaho",,,,69859,48437,57499
446,"KootenaiCounty,Idaho",,,,58875,51765,66843
447,"TwinFallsCounty,Idaho",,,,30119,51210,64321
448,"AdamsCounty,Illinois",,,,27414,51624,70474
449,"ChampaignCounty,Illinois",,,,81856,50335,70900
450,"DeKalbCounty,Illinois",,,,36690,59285,75593
451,"DuPageCounty,Illinois",,,,341320,84908,111236
452,"KankakeeCounty,Illinois",,,,39314,54911,68588
453,"KendallCounty,Illinois",,,,40752,90482,101320
454,"GrandTraverseCounty,Michigan",,,,37252,58532,81079
455,"IsabellaCounty,Michigan",,,,23920,41868,57935
456,"JacksonCounty,Michigan",,,,59993,50009,65570
457,"LapeerCounty,Michigan",,,,33178,54309,68702
458,"LenaweeCounty,Michigan",,,,37781,51918,67726
459,"LivingstonCounty,Michigan",,,,70787,78038,98029
460,"MarquetteCounty,Michigan",,,,25822,51275,63954
461,"MidlandCounty,Michigan",,,,34381,57269,78311
462,"MonroeCounty,Michigan",,,,58789,60799,74036
463,"MuskegonCounty,Michigan",,,,65437,44264,56512
464,"SaginawCounty,Michigan",,,,78494,45849,60525
465,"St.ClairCounty,Michigan",,,,65681,51864,65798
466,"ShiawasseeCounty,Michigan",,,,28071,53244,66951
467,"VanBurenCounty,Michigan",,,,29337,47917,69730
468,"BlueEarthCounty,Minnesota",,,,25687,53869,70588
469,"CarverCounty,Minnesota",,,,36784,92455,119835
470,"OlmstedCounty,Minnesota",,,,61357,72428,92336
471,"RiceCounty,Minnesota",,,,22895,69135,82572
472,"St.LouisCounty,Minnesota",,,,85170,49825,65805
473,"ScottCounty,Minnesota",,,,48237,88765,107281
474,"SherburneCounty,Minnesota",,,,31574,83675,92885
475,"StearnsCounty,Minnesota",,,,58656,57728,73092
476,"WrightCounty,Minnesota",,,,47571,74190,89793
477,"DeSotoCounty,Mississippi",,,,61039,64505,79338
478,"ForrestCounty,Mississippi",,,,28007,37275,60356
479,"HarrisonCounty,Mississippi",,,,75266,42770,57091
480,"JacksonCounty,Mississippi",,,,51637,54606,65081
481,"JonesCounty,Mississippi",,,,24901,43350,59391
482,"LauderdaleCounty,Mississippi",,,,28457,42364,54707
483,"LeeCounty,Mississippi",,,,33209,42235,58146
484,"MadisonCounty,Mississippi",,,,38251,64350,91739
485,"RankinCounty,Mississippi",,,,56353,62332,75468
486,"BooneCounty,Missouri",,,,68848,52752,70450
487,"BuchananCounty,Missouri",,,,33971,48550,63459
488,"CapeGirardeauCounty,Missouri",,,,29384,50223,68935
489,"CassCounty,Missouri",,,,38983,63420,77446
490,"ChristianCounty,Missouri",,,,30920,53172,67120
491,"ColeCounty,Missouri",,,,29995,55303,69868
492,"FranklinCounty,Missouri",,,,40023,55359,74134
493,"JasperCounty,Missouri",,,,45730,45786,60014
494,"JeffersonCounty,Missouri",,,,83754,61559,71054
495,"PlatteCounty,Missouri",,,,37929,77581,96923
496,"St.FrancoisCounty,Missouri",,,,24350,45431,54546
497,"St.Louiscity,Missouri",,,,139021,40346,61944
498,"CascadeCounty,Montana",,,,33759,45138,62658
499,"FlatheadCounty,Montana",,,,39279,50142,70136
500,"GallatinCounty,Montana",,,,39644,61211,91957
501,"LewisandClarkCounty,Montana",,,,27283,63475,81497
502,"MissoulaCounty,Montana",,,,47725,46550,70910
503,"YellowstoneCounty,Montana",,,,65019,57945,74760
504,"SarpyCounty,Nebraska",,,,64863,73569,88354
505,"CheshireCounty,NewHampshire",,,,29428,56364,73110
506,"GraftonCounty,NewHampshire",,,,33546,61520,92962
507,"MerrimackCounty,NewHampshire",,,,57531,69505,88153
508,"StraffordCounty,NewHampshire",,,,48351,71295,88380
509,"CapeMayCounty,NewJersey",,,,38895,62548,87477
510,"CumberlandCounty,NewJersey",,,,50787,49110,61132
511,"HunterdonCounty,NewJersey",,,,47195,113684,145102
512,"SalemCounty,NewJersey",,,,24195,53662,73756
513,"SussexCounty,NewJersey",,,,51978,87829,109564
514,"WarrenCounty,NewJersey",,,,40512,74867,94313
515,"ChavesCounty,NewMexico",,,,22516,40960,53516
516,"Do?aAnaCounty,NewMexico",,,,75759,37496,56328
517,"LeaCounty,NewMexico",,,,20793,55636,67445
518,"McKinleyCounty,NewMexico",,,,20061,31526,43857
519,"OteroCounty,NewMexico",,,,22384,43646,66808
520,"SandovalCounty,NewMexico",,,,49821,57158,73308
521,"SanJuanCounty,NewMexico",,,,43093,52003,65449
522,"SantaFeCounty,NewMexico",,,,60096,57863,82210
523,"ValenciaCounty,NewMexico",,,,26575,43700,54551
524,"BroomeCounty,NewYork",,,,76957,50463,67239
525,"CattaraugusCounty,NewYork",,,,31409,46842,57722
526,"CayugaCounty,NewYork",,,,30966,54995,68575
527,"ChautauquaCounty,NewYork",,,,51705,42204,55539
528,"ChemungCounty,NewYork",,,,34418,51269,67332
529,"ClintonCounty,NewYork",,,,30624,55316,65214
530,"JeffersonCounty,NewYork",,,,41415,45624,61225
531,"LivingstonCounty,NewYork",,,,23904,53121,61229
532,"MadisonCounty,NewYork",,,,25612,60630,76630
533,"NiagaraCounty,NewYork",,,,86786,50233,65869
534,"OntarioCounty,NewYork",,,,45187,57448,78032
535,"OswegoCounty,NewYork",,,,44633,53562,65090
536,"PutnamCounty,NewYork",,,,34762,96992,122979
537,"RensselaerCounty,NewYork",,,,62816,65965,80856
538,"St.LawrenceCounty,NewYork",,,,40479,51592,64088
539,"SchenectadyCounty,NewYork",,,,48720,58331,75564
540,"SteubenCounty,NewYork",,,,38458,50575,69894
541,"SullivanCounty,NewYork",,,,25031,50652,76471
542,"TompkinsCounty,NewYork",,,,37683,56349,73644
543,"UlsterCounty,NewYork",,,,68298,62790,82176
544,"WarrenCounty,NewYork",,,,28841,58061,75717
545,"WayneCounty,NewYork",,,,37496,59538,70422
546,"AlamanceCounty,NorthCarolina",,,,64369,45100,60609
547,"BrunswickCounty,NorthCarolina",,,,54331,50692,66132
548,"BurkeCounty,NorthCarolina",,,,35211,40345,51815
549,"CabarrusCounty,NorthCarolina",,,,70438,63386,78726
550,"CaldwellCounty,NorthCarolina",,,,32911,36301,50001
551,"CarteretCounty,NorthCarolina",,,,27506,51206,64471
552,"CatawbaCounty,NorthCarolina",,,,61618,48913,65599
553,"ChathamCounty,NorthCarolina",,,,28568,62961,94054
554,"ClevelandCounty,NorthCarolina",,,,36405,36992,50519
555,"CravenCounty,NorthCarolina",,,,40297,49938,67148
556,"DavidsonCounty,NorthCarolina",,,,62695,45678,59441
557,"GastonCounty,NorthCarolina",,,,82982,48711,69661
558,"HarnettCounty,NorthCarolina",,,,43960,51637,62276
559,"HendersonCounty,NorthCarolina",,,,47791,54963,68263
560,"IredellCounty,NorthCarolina",,,,65037,55891,79750
561,"JohnstonCounty,NorthCarolina",,,,66254,54719,65036
562,"LincolnCounty,NorthCarolina",,,,31588,49453,67290
563,"MooreCounty,NorthCarolina",,,,38786,52279,72904
564,"NashCounty,NorthCarolina",,,,35409,47902,64941
565,"OnslowCounty,NorthCarolina",,,,61766,47150,56900
566,"OrangeCounty,NorthCarolina",,,,50203,66423,94564
567,"PittCounty,NorthCarolina",,,,70019,46573,62944
568,"RandolphCounty,NorthCarolina",,,,56793,44836,55496
569,"RobesonCounty,NorthCarolina",,,,45123,34254,47961
570,"RockinghamCounty,NorthCarolina",,,,38163,40985,50217
571,"RowanCounty,NorthCarolina",,,,50138,48379,62377
572,"RutherfordCounty,NorthCarolina",,,,26982,36121,46400
573,"SurryCounty,NorthCarolina",,,,28261,36802,59268
574,"WayneCounty,NorthCarolina",,,,47240,41711,58296
575,"WilkesCounty,NorthCarolina",,,,28771,41332,51346
576,"WilsonCounty,NorthCarolina",,,,30897,39036,60107
577,"OrangeburgCounty,SouthCarolina",,,,33449,32450,46106
578,"PickensCounty,SouthCarolina",,,,47303,45779,64839
579,"SumterCounty,SouthCarolina",,,,41439,40614,56274
580,"MinnehahaCounty,SouthDakota",,,,73808,60038,75126
581,"PenningtonCounty,SouthDakota",,,,42956,50950,67638
582,"AndersonCounty,Tennessee",,,,31209,46055,61601
583,"BlountCounty,Tennessee",,,,49672,51183,66674
584,"BradleyCounty,Tennessee",,,,40710,44853,59809
585,"GreeneCounty,Tennessee",,,,25418,41109,60485
586,"MadisonCounty,Tennessee",,,,37322,41791,58283
587,"MauryCounty,Tennessee",,,,33667,50591,64296
588,"MontgomeryCounty,Tennessee",,,,69427,56112,65397
589,"PutnamCounty,Tennessee",,,,31343,37437,56080
590,"RobertsonCounty,Tennessee",,,,25302,60423,74977
591,"SevierCounty,Tennessee",,,,36098,45609,56756
592,"SullivanCounty,Tennessee",,,,64795,42859,58135
593,"SumnerCounty,Tennessee",,,,65186,60503,78533
594,"WashingtonCounty,Tennessee",,,,52707,46276,62660
595,"WilsonCounty,Tennessee",,,,47707,71153,84232
596,"AngelinaCounty,Texas",,,,30210,41161,55000
597,"BastropCounty,Texas",,,,25975,56508,72650
598,"BowieCounty,Texas",,,,33031,45997,67583
599,"ComalCounty,Texas",,,,48604,77425,99722
600,"CoryellCounty,Texas",,,,22682,51125,64622
601,"EctorCounty,Texas",,,,51012,53254,79688
602,"EllisCounty,Texas",,,,55586,70210,86074
603,"GraysonCounty,Texas",,,,47135,52095,66350
604,"GreggCounty,Texas",,,,45231,44219,61736
605,"GuadalupeCounty,Texas",,,,51935,68157,86068
606,"HarrisonCounty,Texas",,,,23742,46548,57647
607,"HaysCounty,Texas",,,,71267,64658,83539
608,"HendersonCounty,Texas",,,,30403,44088,64111
609,"HuntCounty,Texas",,,,31377,53962,68424
610,"JohnsonCounty,Texas",,,,54048,59895,73321
611,"KaufmanCounty,Texas",,,,36696,62033,76602
612,"LibertyCounty,Texas",,,,26204,42877,65705
613,"McLennanCounty,Texas",,,,87163,46860,67968
614,"MidlandCounty,Texas",,,,56178,65349,98622
615,"NacogdochesCounty,Texas",,,,23080,35562,54215
616,"OrangeCounty,Texas",,,,32538,53480,70748
617,"ParkerCounty,Texas",,,,44098,66548,83981
618,"PotterCounty,Texas",,,,42179,42305,60695
619,"RandallCounty,Texas",,,,49728,67015,87930
620,"RockwallCounty,Texas",,,,31620,95731,107103
621,"SanPatricioCounty,Texas",,,,23761,53348,64758
622,"TaylorCounty,Texas",,,,48607,48803,63267
623,"TomGreenCounty,Texas",,,,43497,48696,65974
624,"VictoriaCounty,Texas",,,,32249,53778,85178
625,"WalkerCounty,Texas",,,,21209,42662,55950
626,"WichitaCounty,Texas",,,,49486,44769,58193
627,"CacheCounty,Utah",,,,37151,58003,73588
628,"WashingtonCounty,Utah",,,,51774,55056,74494
629,"ChittendenCounty,Vermont",,,,64867,68843,89763
630,"AlbemarleCounty,Virginia",,,,40318,71975,100166
631,"AugustaCounty,Virginia",,,,29664,55342,68377
632,"BedfordCounty,Virginia",,,,29566,56479,75982
633,"FauquierCounty,Virginia",,,,24777,94347,121672
634,"FrederickCounty,Virginia",,,,30760,69827,89243
635,"HanoverCounty,Virginia",,,,37931,83135,101533
636,"JamesCityCounty,Virginia",,,,28480,83455,109488
637,"MontgomeryCounty,Virginia",,,,36128,55706,85232
638,"RoanokeCounty,Virginia",,,,38541,60454,81978
639,"RockinghamCounty,Virginia",,,,31186,57755,77230
640,"SpotsylvaniaCounty,Virginia",,,,44169,81146,95901
641,"StaffordCounty,Virginia",,,,47017,97484,119793
642,"YorkCounty,Virginia",,,,23797,89418,105338
643,"Alexandriacity,Virginia",,,,69875,87920,121672
644,"Chesapeakecity,Virginia",,,,83364,72928,90320
645,"Hamptoncity,Virginia",,,,54181,50435,65991
646,"Lynchburgcity,Virginia",,,,27545,41264,60508
647,"NewportNewscity,Virginia",,,,67628,50524,64926
648,"Norfolkcity,Virginia",,,,87910,46467,64343
649,"Portsmouthcity,Virginia",,,,36615,48516,60637
650,"Richmondcity,Virginia",,,,91704,42373,69458
651,"Roanokecity,Virginia",,,,42213,37044,49385
652,"Suffolkcity,Virginia",,,,33377,66669,85140
653,"VirginiaBeachcity,Virginia",,,,168061,71117,90576
654,"BentonCounty,Washington",,,,70434,62508,80160
655,"ChelanCounty,Washington",,,,28353,52080,70387
656,"ClallamCounty,Washington",,,,31837,48587,60096
657,"CowlitzCounty,Washington",,,,40170,50637,65490
658,"FranklinCounty,Washington",,,,25903,57670,71699
659,"GrantCounty,Washington",,,,28351,48335,61186
660,"GraysHarborCounty,Washington",,,,27330,49623,67813
661,"IslandCounty,Washington",,,,33365,64813,81722
662,"LewisCounty,Washington",,,,29509,45523,58780
663,"BurleighCounty,NorthDakota",,,,39075,64558,85609
664,"CassCounty,NorthDakota",,,,76206,59240,76699
665,"GrandForksCounty,NorthDakota",,,,30045,50008,65489
666,"WardCounty,NorthDakota",,,,27803,62573,77678
667,"AllenCounty,Ohio",,,,39982,47592,60919
668,"AshtabulaCounty,Ohio",,,,38728,42965,55721
669,"AthensCounty,Ohio",,,,21732,36193,56230
670,"BelmontCounty,Ohio",,,,27240,48220,62413
671,"ClarkCounty,Ohio",,,,54548,46811,60848
672,"ClermontCounty,Ohio",,,,77925,60661,80677
673,"ColumbianaCounty,Ohio",,,,41469,47864,59138
674,"DelawareCounty,Ohio",,,,68617,101693,128117
675,"ErieCounty,Ohio",,,,30682,48949,73232
676,"FairfieldCounty,Ohio",,,,55614,65316,81512
677,"GeaugaCounty,Ohio",,,,35519,76384,98903
678,"GreeneCounty,Ohio",,,,63908,62018,82225
679,"HancockCounty,Ohio",,,,31693,52810,70192
680,"JeffersonCounty,Ohio",,,,26971,44257,56107
681,"LickingCounty,Ohio",,,,62898,58685,77785
682,"MarionCounty,Ohio",,,,25114,42826,54192
683,"MedinaCounty,Ohio",,,,67812,72618,91442
684,"MiamiCounty,Ohio",,,,41313,60170,70339
685,"MuskingumCounty,Ohio",,,,34169,43422,53368
686,"PortageCounty,Ohio",,,,62468,49695,67436
687,"RichlandCounty,Ohio",,,,48437,44073,55670
688,"RossCounty,Ohio",,,,28710,46422,62408
689,"SciotoCounty,Ohio",,,,29904,39210,54291
690,"TrumbullCounty,Ohio",,,,85799,45552,60457
691,"TuscarawasCounty,Ohio",,,,34968,50440,58847
692,"WayneCounty,Ohio",,,,43277,53434,64910
693,"WoodCounty,Ohio",,,,50175,60166,78726
694,"CanadianCounty,Oklahoma",,,,44235,67177,78821
695,"ComancheCounty,Oklahoma",,,,42986,51164,66593
696,"CreekCounty,Oklahoma",,,,25658,43609,57170
697,"MuskogeeCounty,Oklahoma",,,,26000,40860,54551
698,"PayneCounty,Oklahoma",,,,30657,35927,59747
699,"PottawatomieCounty,Oklahoma",,,,25547,41716,56177
700,"RogersCounty,Oklahoma",,,,34130,62434,78871
701,"WagonerCounty,Oklahoma",,,,28289,62041,71480
702,"BentonCounty,Oregon",,,,34543,55459,77905
703,"DeschutesCounty,Oregon",,,,71262,61870,78473
704,"DouglasCounty,Oregon",,,,43818,42889,60183
705,"JacksonCounty,Oregon",,,,86745,48563,66160
706,"JosephineCounty,Oregon",,,,35439,36472,50614
707,"KlamathCounty,Oregon",,,,26359,45604,58173
708,"LinnCounty,Oregon",,,,46645,51310,69891
709,"PolkCounty,Oregon",,,,29291,52485,70588
710,"UmatillaCounty,Oregon",,,,25900,50171,61956
711,"YamhillCounty,Oregon",,,,35832,61596,82136
712,"AdamsCounty,Pennsylvania",,,,38125,59300,72296
713,"ArmstrongCounty,Pennsylvania",,,,26105,47398,60137
714,"BeaverCounty,Pennsylvania",,,,68811,55221,69655
715,"BlairCounty,Pennsylvania",,,,51154,43443,58867
716,"ButlerCounty,Pennsylvania",,,,75472,66426,88042
717,"CambriaCounty,Pennsylvania",,,,56443,44100,57562
718,"CarbonCounty,Pennsylvania",,,,25986,51676,63116
719,"CentreCounty,Pennsylvania",,,,57410,60266,81724
720,"ClearfieldCounty,Pennsylvania",,,,29061,47352,58404
721,"ColumbiaCounty,Pennsylvania",,,,26531,49186,64433
722,"CrawfordCounty,Pennsylvania",,,,33955,45410,61696
723,"FayetteCounty,Pennsylvania",,,,53662,43140,56917
724,"FranklinCounty,Pennsylvania",,,,60492,60559,77464
725,"IndianaCounty,Pennsylvania",,,,34786,42962,59117
726,"LackawannaCounty,Pennsylvania",,,,86203,47475,64366
727,"LawrenceCounty,Pennsylvania",,,,35861,46918,65697
728,"LebanonCounty,Pennsylvania",,,,51143,57248,70452
729,"LycomingCounty,Pennsylvania",,,,45525,49052,61228
730,"MercerCounty,Pennsylvania",,,,45630,49890,64329
731,"MonroeCounty,Pennsylvania",,,,57284,60095,76141
732,"NorthumberlandCounty,Pennsylvania",,,,38098,47736,59110
733,"SchuylkillCounty,Pennsylvania",,,,58149,50684,60421
734,"SomersetCounty,Pennsylvania",,,,29189,43871,56742
735,"WashingtonCounty,Pennsylvania",,,,83117,57998,78066
736,"KentCounty,RhodeIsland",,,,67747,63101,85413
737,"NewportCounty,RhodeIsland",,,,35078,73596,96121
738,"WashingtonCounty,RhodeIsland",,,,50368,77813,98882
739,"AikenCounty,SouthCarolina",,,,66751,45945,61156
740,"AndersonCounty,SouthCarolina",,,,75432,45090,61089
741,"BeaufortCounty,SouthCarolina",,,,67932,65919,89311
742,"BerkeleyCounty,SouthCarolina",,,,75202,59153,75759
743,"DarlingtonCounty,SouthCarolina",,,,25924,36841,53488
744,"DorchesterCounty,SouthCarolina",,,,55324,57637,71563
745,"FlorenceCounty,SouthCarolina",,,,50193,46524,61747
746,"GreenwoodCounty,SouthCarolina",,,,27533,38200,52756
747,"LancasterCounty,SouthCarolina",,,,32630,56216,77045
748,"LaurensCounty,SouthCarolina",,,,24805,44038,56140
749,"OconeeCounty,SouthCarolina",,,,31498,43743,64615
750,"KentonCounty,Kentucky",,,,63609,62182,75830
751,"McCrackenCounty,Kentucky",,,,28416,39048,58737
752,"MadisonCounty,Kentucky",,,,33633,43840,57059
753,"OldhamCounty,Kentucky",,,,21180,90341,109184
754,"WarrenCounty,Kentucky",,,,47444,46686,66862
755,"AscensionParish,Louisiana",,,,40950,76581,89121
756,"BossierParish,Louisiana",,,,47458,48163,63752
757,"CalcasieuParish,Louisiana",,,,77029,45962,62016
758,"IberiaParish,Louisiana",,,,26240,41424,54106
759,"LafourcheParish,Louisiana",,,,37199,51772,63414
760,"LivingstonParish,Louisiana",,,,47479,56534,75554
761,"OuachitaParish,Louisiana",,,,54349,37275,55761
762,"RapidesParish,Louisiana",,,,47745,42582,64374
763,"St.LandryParish,Louisiana",,,,30302,31207,47493
764,"TangipahoaParish,Louisiana",,,,47756,48162,63700
765,"TerrebonneParish,Louisiana",,,,40102,46026,65676
766,"AndroscogginCounty,Maine",,,,44917,49081,61439
767,"AroostookCounty,Maine",,,,27514,39450,53954
768,"KennebecCounty,Maine",,,,47791,51573,64429
769,"PenobscotCounty,Maine",,,,60195,47328,62849
770,"YorkCounty,Maine",,,,82469,60863,77704
771,"AlleganyCounty,Maryland",,,,27608,45606,55306
772,"CalvertCounty,Maryland",,,,32434,98732,115072
773,"CarrollCounty,Maryland",,,,61661,90343,107119
774,"CecilCounty,Maryland",,,,37296,74221,89209
775,"CharlesCounty,Maryland",,,,55929,95735,108865
776,"PrinceGeorge'sCounty,Maryland",,,,307816,79184,93945
777,"St.Mary'sCounty,Maryland",,,,41368,78195,91785
778,"WashingtonCounty,Maryland",,,,55824,54250,71499
779,"WicomicoCounty,Maryland",,,,36774,50844,65237
780,"Baltimorecity,Maryland",,,,240761,47350,69831
781,"BarnstableCounty,Massachusetts",,,,92582,67898,91777
782,"BerkshireCounty,Massachusetts",,,,54204,58418,76180
783,"FranklinCounty,Massachusetts",,,,30868,57106,77060
784,"HampshireCounty,Massachusetts",,,,58167,64354,85559
785,"AlleganCounty,Michigan",,,,41995,57846,69842
786,"BayCounty,Michigan",,,,43876,44756,60261
787,"BerrienCounty,Michigan",,,,62538,47083,67902
788,"CalhounCounty,Michigan",,,,52888,45902,61465
789,"ClintonCounty,Michigan",,,,28944,65730,83894
790,"EatonCounty,Michigan",,,,44666,56211,70485
791,"SkagitCounty,Washington",,,,46423,60983,77921
792,"BerkeleyCounty,WestVirginia",,,,42369,57357,76559
793,"CabellCounty,WestVirginia",,,,39017,38823,56454
794,"HarrisonCounty,WestVirginia",,,,27741,47204,69040
795,"KanawhaCounty,WestVirginia",,,,79049,45001,64515
796,"MonongaliaCounty,WestVirginia",,,,38699,50953,78117
797,"RaleighCounty,WestVirginia",,,,30431,45863,57049
798,"WoodCounty,WestVirginia",,,,34991,48655,65006
799,"DodgeCounty,Wisconsin",,,,34648,55856,66121
800,"EauClaireCounty,Wisconsin",,,,41312,49821,65878
801,"FondduLacCounty,Wisconsin",,,,40815,58310,71268
802,"JeffersonCounty,Wisconsin",,,,32378,58703,67493
803,"KenoshaCounty,Wisconsin",,,,64386,59417,76061
804,"LaCrosseCounty,Wisconsin",,,,47086,54823,71375
805,"ManitowocCounty,Wisconsin",,,,34234,51752,63032
806,"MarathonCounty,Wisconsin",,,,55147,54774,73258
807,"OutagamieCounty,Wisconsin",,,,72994,61149,77501
808,"OzaukeeCounty,Wisconsin",,,,35417,84415,118529
809,"PortageCounty,Wisconsin",,,,28009,53655,69242
810,"RacineCounty,Wisconsin",,,,75921,55706,70257
811,"RockCounty,Wisconsin",,,,63222,50729,65404
812,"St.CroixCounty,Wisconsin",,,,33460,72865,92297
813,"SheboyganCounty,Wisconsin",,,,47652,54059,70716
814,"WalworthCounty,Wisconsin",,,,40039,58302,73449
815,"WashingtonCounty,Wisconsin",,,,53090,73502,92617
816,"WinnebagoCounty,Wisconsin",,,,69943,56754,75399
817,"WoodCounty,Wisconsin",,,,32749,51887,69621
818,"LaramieCounty,Wyoming",,,,38181,62221,73885
819,"NatronaCounty,Wyoming",,,,32059,59474,73781
820,"AreciboMunicipio,PuertoRico",,,,32650,18516,24277
821,"CaguasMunicipio,PuertoRico",,,,48272,24198,36895
822,"CarolinaMunicipio,PuertoRico",,,,63447,28055,35950
823,"GuaynaboMunicipio,PuertoRico",,,,33066,32240,59895
824,"PonceMunicipio,PuertoRico",,,,52447,17454,26323
825,"SanJuanMunicipio,PuertoRico",,,,146719,22727,42517
826,"ToaAltaMunicipio,PuertoRico",,,,22394,26171,39685
827,"ToaBajaMunicipio,PuertoRico",,,,28112,23560,30844
828,"TrujilloAltoMunicipio,PuertoRico",,,,24334,33122,42200
829,"MayagüezMunicipio,PuertoRico",,,,29138,14532,24786
830,"BayamónMunicipio,PuertoRico",,,,70124,24128,35256
